{"name":"BM_Backup_2022-12-05_07_32_50_SoC4zMqXlOsItL9P.zip","date":"2022-12-05 07:32:50","files":2837,"bytes":51306410,"cron":false,"total_queries":46,"manifest":"2022-12-05 07:32:56","millis_start":1670225570.0838311,"millis_end":1670225576.482687,"version":"1.2.7","domain":"loopmatix.local","dbdomain":"http:\/\/loopmatix.local","uid":1,"source_query_output":2000,"db_backup_engine":"v4","config":{"ABSPATH":"\/Users\/apple\/Local Sites\/loopmatix\/app\/public\/","DB_NAME":"local","DB_USER":"root","DB_PASSWORD":"root","DB_HOST":"localhost","DB_CHARSET":"utf8","DB_COLLATE":"","AUTH_KEY":"AUTH_KEY","SECURE_AUTH_KEY":"SECURE_AUTH_KEY","LOGGED_IN_KEY":"LOGGED_IN_KEY","NONCE_KEY":"NONCE_KEY","AUTH_SALT":"AUTH_SALT","SECURE_AUTH_SALT":"SECURE_AUTH_SALT","LOGGED_IN_SALT":"LOGGED_IN_SALT","NONCE_SALT":"NONCE_SALT","WP_DEBUG_LOG":false,"WP_CONTENT_URL":"http:\/\/loopmatix.local\/wp-content","WP_CONTENT_DIR":"\/Users\/apple\/Local Sites\/loopmatix\/app\/public\/wp-content\/","table_prefix":"wp_"}}